Group,best_Global_GDT_v2_ref,best_model_v2_ref,best_version_v2_ref,best_model_v1_ref,best_version_v1_ref,best_Global_GDT_v1_ref,best_v1_ref,best_v2_ref,Combined_Score
TS204,0.35,M1228v2TS204_2.pdb,v2,M1228v1TS204_1.pdb,v1,0.364,0.364,0.35,0.714
TS294,0.345,M1228v2TS294_1.pdb,v2,M1228v1TS294_1.pdb,v1,0.369,0.369,0.345,0.714
TS304,0.337,M1228v2TS304_3.pdb,v2,M1228v1TS304_3.pdb,v1,0.355,0.355,0.337,0.692
TS052,0.354,M1228v2TS052_4.pdb,v2,M1228v1TS052_4.pdb,v1,0.337,0.337,0.354,0.6910000000000001
TS286,0.332,M1228v2TS286_1.pdb,v2,M1228v1TS286_5.pdb,v1,0.347,0.347,0.332,0.679
TS033,0.344,M1228v2TS033_5.pdb,v2,M1228v1TS033_5.pdb,v1,0.331,0.331,0.344,0.675
TS481,0.318,M1228v2TS481_1.pdb,v2,M1228v1TS481_3.pdb,v1,0.355,0.355,0.318,0.673
TS456,0.356,M1228v2TS456_3.pdb,v2,M1228v1TS456_3.pdb,v1,0.307,0.307,0.356,0.663
TS022,0.323,M1228v2TS022_4.pdb,v2,M1228v1TS022_4.pdb,v1,0.333,0.333,0.323,0.656
TS462,0.285,M1228v2TS462_1.pdb,v2,M1228v1TS462_3.pdb,v1,0.367,0.367,0.285,0.6519999999999999
TS494,0.341,M1228v2TS494_1.pdb,v2,M1228v1TS494_2.pdb,v1,0.308,0.308,0.341,0.649
TS274,0.341,M1228v2TS274_1.pdb,v2,M1228v1TS274_2.pdb,v1,0.308,0.308,0.341,0.649
TS091,0.308,M1228v2TS091_2.pdb,v2,M1228v1TS091_3.pdb,v1,0.34,0.34,0.308,0.648
TS241,0.326,M1228v2TS241_1.pdb,v2,M1228v1TS241_5.pdb,v1,0.316,0.316,0.326,0.642
TS323,0.329,M1228v2TS323_1.pdb,v2,M1228v1TS323_1.pdb,v1,0.297,0.297,0.329,0.626
TS167,0.317,M1228v2TS167_4.pdb,v2,M1228v1TS167_1.pdb,v1,0.306,0.306,0.317,0.623
TS450,0.317,M1228v2TS450_4.pdb,v2,M1228v1TS450_1.pdb,v1,0.306,0.306,0.317,0.623
TS028,0.31,M1228v2TS028_5.pdb,v2,M1228v1TS028_2.pdb,v1,0.299,0.299,0.31,0.609
TS489,0.294,M1228v2TS489_2.pdb,v2,M1228v1TS489_2.pdb,v1,0.312,0.312,0.294,0.606
TS110,0.311,M1228v2TS110_4.pdb,v2,M1228v1TS110_4.pdb,v1,0.294,0.294,0.311,0.605
TS014,0.346,M1228v2TS014_5.pdb,v2,M1228v1TS014_1.pdb,v1,0.253,0.253,0.346,0.599
TS159,0.33,M1228v2TS159_1.pdb,v2,M1228v1TS159_1.pdb,v1,0.26,0.26,0.33,0.5900000000000001
TS325,0.33,M1228v2TS325_1.pdb,v2,M1228v1TS325_1.pdb,v1,0.26,0.26,0.33,0.5900000000000001
TS208,0.317,M1228v2TS208_5.pdb,v2,M1228v1TS208_1.pdb,v1,0.261,0.261,0.317,0.5780000000000001
TS262,0.213,M1228v2TS262_2.pdb,v2,M1228v1TS262_1.pdb,v1,0.34,0.34,0.213,0.553
TS231,0.358,M1228v2TS231_1.pdb,v2,M1228v1TS231_5.pdb,v1,0.117,0.117,0.358,0.475
