Group,best_GlobDockQ_v1_ref,best_model_v1_ref,best_version_v1_ref,best_model_v2_ref,best_version_v2_ref,best_GlobDockQ_v2_ref,best_v1_ref,best_v2_ref,Combined_Score
TS294,0.344,M1228v1TS294_1.pdb ,v1,M1228v2TS294_1.pdb ,v2,0.372,0.344,0.372,0.716
TS033,0.319,M1228v1TS033_4.pdb ,v1,M1228v2TS033_5.pdb ,v2,0.359,0.319,0.359,0.6779999999999999
TS462,0.353,M1228v1TS462_3.pdb ,v1,M1228v2TS462_3.pdb ,v2,0.309,0.353,0.309,0.6619999999999999
TS204,0.282,M1228v1TS204_2.pdb ,v1,M1228v2TS204_2.pdb ,v2,0.377,0.282,0.377,0.659
TS022,0.302,M1228v1TS022_4.pdb ,v1,M1228v2TS022_5.pdb ,v2,0.339,0.302,0.339,0.641
TS325,0.265,M1228v1TS325_1.pdb ,v1,M1228v2TS325_1.pdb ,v2,0.37,0.265,0.37,0.635
TS159,0.265,M1228v1TS159_1.pdb ,v1,M1228v2TS159_1.pdb ,v2,0.37,0.265,0.37,0.635
TS052,0.293,M1228v1TS052_3.pdb ,v1,M1228v2TS052_5.pdb ,v2,0.338,0.293,0.338,0.631
TS304,0.258,M1228v1TS304_2.pdb ,v1,M1228v2TS304_3.pdb ,v2,0.367,0.258,0.367,0.625
TS241,0.254,M1228v1TS241_3.pdb ,v1,M1228v2TS241_1.pdb ,v2,0.355,0.254,0.355,0.609
TS091,0.324,M1228v1TS091_3.pdb ,v1,M1228v2TS091_2.pdb ,v2,0.279,0.324,0.279,0.603
TS456,0.29,M1228v1TS456_4.pdb ,v1,M1228v2TS456_5.pdb ,v2,0.304,0.29,0.304,0.594
TS262,0.299,M1228v1TS262_1.pdb ,v1,M1228v2TS262_3.pdb ,v2,0.283,0.299,0.283,0.582
TS231,0.228,M1228v1TS231_5.pdb ,v1,M1228v2TS231_1.pdb ,v2,0.349,0.228,0.349,0.577
TS489,0.282,M1228v1TS489_1.pdb ,v1,M1228v2TS489_1.pdb ,v2,0.291,0.282,0.291,0.573
TS494,0.277,M1228v1TS494_2.pdb ,v1,M1228v2TS494_3.pdb ,v2,0.286,0.277,0.286,0.563
TS274,0.277,M1228v1TS274_2.pdb ,v1,M1228v2TS274_3.pdb ,v2,0.286,0.277,0.286,0.563
TS481,0.263,M1228v1TS481_4.pdb ,v1,M1228v2TS481_2.pdb ,v2,0.297,0.263,0.297,0.56
TS208,0.217,M1228v1TS208_1.pdb ,v1,M1228v2TS208_5.pdb ,v2,0.335,0.217,0.335,0.552
TS286,0.256,M1228v1TS286_1.pdb ,v1,M1228v2TS286_1.pdb ,v2,0.272,0.256,0.272,0.528
TS110,0.239,M1228v1TS110_3.pdb ,v1,M1228v2TS110_5.pdb ,v2,0.288,0.239,0.288,0.5269999999999999
TS014,0.293,M1228v1TS014_4.pdb ,v1,M1228v2TS014_4.pdb ,v2,0.232,0.293,0.232,0.525
TS028,0.24,M1228v1TS028_4.pdb ,v1,M1228v2TS028_4.pdb ,v2,0.276,0.24,0.276,0.516
TS450,0.222,M1228v1TS450_4.pdb ,v1,M1228v2TS450_2.pdb ,v2,0.254,0.222,0.254,0.476
TS167,0.222,M1228v1TS167_4.pdb ,v1,M1228v2TS167_2.pdb ,v2,0.254,0.222,0.254,0.476
